Harvard University,united states,Caribbean
Stanford University,united states,Caribbean
Massachusetts Institute of Technology,united states,Caribbean
University of Cambridge,United Kingdom,Western Europe
University of Oxford,United Kingdom,Western Europe
Columbia University,united states,Caribbean
University of California Berkeley,united states,Caribbean
University of Chicago,united states,Caribbean
Princeton University,united states,Caribbean
Yale University,united states,Caribbean
Cornell University,united states,Caribbean
California Institute of Technology,united states,Caribbean
University of Tokyo,Japan,Eastern Asia
University of Pennsylvania,united states,Caribbean
University of California Los Angeles,united states,Caribbean
Kyoto University,Japan,Eastern Asia
New York University,united states,Caribbean
Swiss Federal Institute of Technology in Zurich,Switzerland,Western Europe
Johns Hopkins University,united states,Caribbean
University of California San Diego,united states,Caribbean
University of Michigan Ann Arbor,united states,Caribbean
Hebrew University of Jerunited stateslem,Israel,Western Asia
Northwestern University,united states,Caribbean
Seoul National University,South Korea,Eastern Asia
University of Wisconsin–Madison,united states,Caribbean
Duke University,united states,Caribbean
University of California, San Francisco,united states,Caribbean
University of Illinois at Urbana–Champaign,united states,Caribbean
University of Texas at Austin,united states,Caribbean
University College London,United Kingdom,Western Europe
University of Toronto,Canada,Caribbean
University of Washington   Seattle,united states,Caribbean
Rutgers University New Brunswick,united states,Caribbean
Keio University,Japan,Eastern Asia
École normale supérieure   Paris,france,Western Europe
École Polytechnique,france,Western Europe
Rockefeller University,united states,Caribbean
Weizmann Institute of Science,Israel,Western Asia
Imperial College London,United Kingdom,Western Europe
Waseda University,Japan,Eastern Asia
University of Virginia,united states,Caribbean
McGill University,Canada,Caribbean
Osaka University,Japan,Eastern Asia
Dartmouth College,united states,Caribbean
University of North Carolina at Chapel Hill,united states,Caribbean
Pennsylvania State University, University Park,united states,Caribbean
Ohio State University, Columbus,united states,Caribbean
Lomonosov Moscow State University,Russia,Eastern Europe
University of Minnesota, Twin Cities,united states,Caribbean
University of Paris Sud,france,Western Europe
University of Southern California,united states,Caribbean
Purdue University, West Lafayette,united states,Caribbean
University of Pittsburgh   Pittsburgh Campus,united states,Caribbean
Carnegie Mellon University,united states,Caribbean
Peking University,China,Eastern Asia
University of Edinburgh,United Kingdom,Western Europe
University of California, Davis,united states,Caribbean
Washington University in St. Louis,united states,Caribbean
University of Florida,united states,Caribbean
University of California, Santa Barbara,united states,Caribbean
University of British Columbia,Canada,Caribbean
University of Utah,united states,Caribbean
University of Colorado Boulder,united states,Caribbean
University of Notre Dame,united states,Caribbean
National Taiwan University,Taiwan,Eastern Asia
University of Texas Southwestern Medical Center,united states,Caribbean
Boston University,united states,Caribbean
Pierre and Marie Curie University,france,Western Europe
University of Manchester,United Kingdom,Western Europe
University of Arizona,united states,Caribbean
Vanderbilt University,united states,Caribbean
Tohoku University,Japan,Eastern Asia
Karolinska Institute,Sweden,Western Europe
National University of Singapore,Singapore,South Eastern Asia
University of Geneva,Switzerland,Western Europe
University of Maryland, College Park,united states,Caribbean
University of Rochester,united states,Caribbean
Emory University,united states,Caribbean
University of Copenhagen,Denmark,Western Europe
University of California, Irvine,united states,Caribbean
Brown University,united states,Caribbean
Ludwig Maximilian University of Munich,Germany,Western Europe
Georgia Institute of Technology,united states,Caribbean
Tufts University,united states,Caribbean
University of Zurich,Switzerland,Western Europe
Tel Aviv University,Israel,Western Asia
Tsinghua University,China,Eastern Asia
Utrecht University,Netherlands,Caribbean
Ruprecht Karl University of Heidelberg,Germany,Western Europe
King's College London,United Kingdom,Western Europe
Sapienza University of Rome,Italy,Western Europe
Kyushu University,Japan,Eastern Asia
Swiss Federal Institute of Technology in Launited statesnne,Switzerland,Western Europe
Katholieke Universiteit Leuven,Belgium,Western Europe
University of Sydney,Australia,Oceania
Tokyo Institute of Technology,Japan,Eastern Asia
University of Melbourne,Australia,Oceania
University of Bonn,Germany,Western Europe
Technical University of Munich,Germany,Western Europe
Royal Institute of Technology,Sweden,Western Europe
Erasmus University Rotterdam,Netherlands,Caribbean
Case Western Reserve University,united states,Caribbean
University of Alberta,Canada,Caribbean
University of Texas MD Anderson Cancer Center,united states,Caribbean
Texas A&amp;M University, College Station,united states,Caribbean
Arizona State University,united states,Caribbean
Yonsei University,South Korea,Eastern Asia
Rice University,united states,Caribbean
Technion – Israel Institute of Technology,Israel,Western Asia
University of Helsinki,Finland,Western Europe
University of Oslo,Norway,Western Europe
Michigan State University,united states,Caribbean
Indiana University Bloomington,united states,Caribbean
University of the Witwatersrand,South Africa,Southern Africa
University of Queensland,Australia,Oceania
Lund University,Sweden,Western Europe
Leiden University,Netherlands,Caribbean
Georgetown University,united states,Caribbean
Aarhus University,Denmark,Western Europe
University of Barcelona,Spain,Western Europe
Baylor College of Medicine,united states,Caribbean
University of Amsterdam,Netherlands,Caribbean
University of Bristol,United Kingdom,Western Europe
Uppsala University,Sweden,Western Europe
University of Iowa,united states,Caribbean
Stony Brook University,united states,Caribbean
University of Groningen,Netherlands,Caribbean
Korea Advanced Institute of Science and Technology (KAIST),South Korea,Eastern Asia
Radboud University Nijmegen,Netherlands,Caribbean
Korea University,South Korea,Eastern Asia
University of São Paulo,Brazil,South America
Nagoya University,Japan,Eastern Asia
University of Colorado Denver,united states,Caribbean
University of Montreal,Canada,Caribbean
Albert Ludwig University of Freiburg,Germany,Western Europe
Ghent University,Belgium,Western Europe
University of Glasgow,United Kingdom,Western Europe
University of Miami,united states,Caribbean
Université libre de Bruxelles,Belgium,Western Europe
Paris Diderot University   Paris 7,france,Western Europe
McMaster University,Canada,Caribbean
University of Birmingham,United Kingdom,Western Europe
University of Texas at Dallas,united states,Caribbean
VU University Amsterdam,Netherlands,Caribbean
Wake Forest University,united states,Caribbean
University of Southampton,United Kingdom,Western Europe
University of Nottingham,United Kingdom,Western Europe
Nanyang Technological University,Singapore,South Eastern Asia
University of New South Wales,Australia,Oceania
Osaka City University,Japan,Eastern Asia
University of Leeds,United Kingdom,Western Europe
Western University (The University of Western Ontario),Canada,Caribbean
Kobe University,Japan,Eastern Asia
University of Basel,Switzerland,Western Europe
University of Hong Kong,Hong Kong,Eastern Asia
Indiana University Purdue University Indianapolis,united states,Caribbean
Humboldt University of Berlin,Germany,Western Europe
Free University of Berlin,Germany,Western Europe
University of Tübingen,Germany,Western Europe
Australian National University,Australia,Oceania
Goethe University Frankfurt,Germany,Western Europe
University of Houston,united states,Caribbean
University of California, Santa Cruz,united states,Caribbean
University of Alabama at Birmingham,united states,Caribbean
Icahn School of Medicine at Mount Sinai,united states,Caribbean
University of Calgary,Canada,Caribbean
Mines ParisTech,france,Western Europe
University of Gothenburg,Sweden,Western Europe
University of Göttingen,Germany,Western Europe
Monash University,Australia,Oceania
Southern Methodist University,united states,Caribbean
Yeshiva University,united states,Caribbean
University of South Florida   Tampa,united states,Caribbean
Hanyang University,South Korea,Eastern Asia
Oregon Health &amp; Science University,united states,Caribbean
University of Strasbourg,france,Western Europe
University of Cincinnati,united states,Caribbean
University of Sheffield,United Kingdom,Western Europe
University of Hamburg,Germany,Western Europe
George Washington University,united states,Caribbean
University of Milan,Italy,Western Europe
Iowa State University,united states,Caribbean
University of Maryland, Baltimore,united states,Caribbean
University of Padua,Italy,Western Europe
University of New Mexico,united states,Caribbean
Pohang University of Science and Technology,South Korea,Eastern Asia
Stockholm University,Sweden,Western Europe
Hokkaido University,Japan,Eastern Asia
Fudan University,China,Eastern Asia
University of Sussex,United Kingdom,Western Europe
Université catholique de Louvain,Belgium,Western Europe
Wayne State University,united states,Caribbean
University of Massachusetts Medical School,united states,Caribbean
University of Launited statesnne,Switzerland,Western Europe
Shanghai Jiao Tong University,China,Eastern Asia
University of Missouri–Columbia,united states,Caribbean
Technical University of Denmark,Denmark,Western Europe
Complutense University of Madrid,Spain,Western Europe
University of Cologne,Germany,Western Europe
Trinity College, Dublin,Ireland,Western Europe
University of Bern,Switzerland,Western Europe
Chinese University of Hong Kong,Hong Kong,Eastern Asia
University of Kansas,united states,Caribbean
Sungkyunkwan University,South Korea,Eastern Asia
University of Vienna,Austria,Western Europe
Zhejiang University,China,Eastern Asia
University of Georgia,united states,Caribbean
University of Massachusetts Amherst,united states,Caribbean
Cardiff University,United Kingdom,Western Europe
University of Münster,Germany,Western Europe
University of Liverpool,United Kingdom,Western Europe
University of Ottawa,Canada,Caribbean
University of Erlangen Nuremberg,Germany,Western Europe
Queen Mary University of London,United Kingdom,Western Europe
Karlsruhe Institute of Technology,Germany,Wtestern Europe
Louisiana State University   Baton Rouge,united states,Caribbean
Nanjing University,China,Eastern Asia
University of Illinois at Chicago,united states,Caribbean
University of Bologna,Italy,Western Europe
University of Manitoba,Canada,Caribbean
Joseph Fourier University,france,Western Europe
University of California, Riverside,united states,Caribbean
Julius Maximilian's University of Würzburg,Germany,Western Europe
Aix Marseille University,france,Western Europe
University of Western Australia,Australia,Oceania
Laval University,Canada,Caribbean
University of Tennessee, Knoxville,united states,Caribbean
North Carolina State University,united states,Caribbean
Newcastle University,United Kingdom,Western Europe
Claude Bernard University Lyon 1,france,Western Europe
University of Turin,Italy,Western Europe
University of Kiel,Germany,Western Europe
University of Connecticut,united states,Caribbean
Tulane University,united states,Caribbean
University of Oklahoma   Norman Campus,united states,Caribbean
Brandeis University,united states,Caribbean
Dresden University of Technology,Germany,Western Europe
RWTH Aachen University,Germany,Western Europe
University of Texas Health Science Center at San Antonio,united states,Caribbean
Virginia Commonwealth University,united states,Caribbean
University of Montpellier 2,france,Western Europe
Dalian University of Technology,China,Eastern Asia
Rensselaer Polytechnic Institute,united states,Caribbean
Paul Sabatier University   Toulouse III,france,Western Europe
Paris Descartes University,france,Western Europe
National Cheng Kung University,Taiwan,Eastern Asia
University of Delaware,united states,Caribbean
Vrije Universiteit Brussel,Belgium,Western Europe
Johannes Gutenberg University of Mainz,Germany,Western Europe
Maastricht University,Netherlands,Caribbean
University of Düsseldorf,Germany,Western Europe
University of Dundee,United Kingdom,Western Europe
University of Tsukuba,Japan,Eastern Asia
Autonomous University of Barcelona,Spain,Western Europe
Florida State University,united states,Caribbean
University of Texas at San Antonio,united states,Caribbean
London School of Hygiene &amp; Tropical Medicine,United Kingdom,Western Europe
Lehigh University,united states,Caribbean
University of Kentucky,united states,Caribbean
Thomas Jefferson University,united states,Caribbean
Drexel University,united states,Caribbean
Colorado State University   Fort Collins,united states,Caribbean
University of Leicester,United Kingdom,Western Europe
Durham University,United Kingdom,Western Europe
Oregon State University,united states,Caribbean
University of Florence,Italy,Western Europe
University of Cape Town,South Africa,Southern Africa
University at Buffalo The State University of New York,united states,Caribbean
University College Dublin,Ireland,Western Europe
University of Science and Technology of China,China,Eastern Asia
Virginia Polytechnic Institute and State University,united states,Caribbean
University of Naples Federico II,Italy,Western Europe
University of Auckland,New Zealand,Oceania
University of Texas Health Science Center at Houston,united states,Caribbean
Delft University of Technology,Netherlands,Caribbean
University of Aberdeen,United Kingdom,Western Europe
Queen's University,Canada,Caribbean
University of Lisbon,Portugal,Western Europe
Hiroshima University,Japan,Eastern Asia
University of Waterloo,Canada,Caribbean
Okayama University,Japan,Eastern Asia
University of Ulm,Germany,Western Europe
Chulalongkorn University,Thailand,South Eastern Asia
Dalhousie University,Canada,Caribbean
Saint Petersburg State University,Russia,Eastern Europe
Norwegian University of Science and Technology,Norway,Western Europe
University of Reading,United Kingdom,Western Europe
Wageningen University and Research Centre,Netherlands,Caribbean
Umeå University,Sweden,Western Europe
University of Porto,Portugal,Western Europe
Hong Kong University of Science and Technology,Hong Kong,Eastern Asia
Sun Yat sen University,China,Eastern Asia
Medical College of Wisconsin,united states,Caribbean
City College of New York,united states,Caribbean
Hannover Medical School,Germany,Western Europe
Washington State University, Pullman,united states,Caribbean
Technical University of Berlin,Germany,Western Europe
University of South Carolina   Columbia,united states,Caribbean
Leipzig University,Germany,Western Europe
University of Stuttgart,Germany,Western Europe
University of Valencia,Spain,Western Europe
Linköping University,Sweden,Western Europe
University of Duisburg Essen,Germany,Western Europe
Ruhr University Bochum,Germany,Western Europe
University of Bergen,Norway,Western Europe
London School of Economics,United Kingdom,Western Europe
Wesleyan University,united states,Caribbean
University of Pisa,Italy,Western Europe
Autonomous University of Madrid,Spain,Western Europe
Medical University of Vienna,Austria,Western Europe
Stellenbosch University,South Africa,Southern Africa
Medical University of South Carolina,united states,Caribbean
Charles University in Prague,Czech Republic,Eastern Europe
Kyungpook National University,South Korea,Eastern Asia
University of Science, Malaysia,Malaysia,South Eastern Asia
University of Liège,Belgium,Western Europe
University of Hull,United Kingdom,Western Europe
Northeastern University,united states,Caribbean
Kansas State University,united states,Caribbean
University of Vermont,united states,Caribbean
Rush University,united states,Caribbean
University of Louisville,united states,Caribbean
University of St Andrews,United Kingdom,Western Europe
University of Warwick,United Kingdom,Western Europe
University of Rome Tor Vergata,Italy,Western Europe
University of Innsbruck,Austria,Western Europe
Darmstadt University of Technology,Germany,Western Europe
Indian Institute of Technology Delhi,India,Southern Asia
Federal University of Rio de Janeiro,Brazil,South America
University of Antwerp,Belgium,Western Europe
National and Kapodistrian University of Athens,Greece,Eastern Europe
Boston College,united states,Caribbean
Vita Salute San Raffaele University,Italy,Western Europe
Gwangju Institute of Science and Technology,South Korea,Eastern Asia
University of Nebraska–Lincoln,united states,Caribbean
University of York,United Kingdom,Western Europe
National Autonomous University of Mexico,Mexico,Central America
University of Regensburg,Germany,Western Europe
Yokohama National University,Japan,Eastern Asia
University of Adelaide,Australia,Oceania
University of Genoa,Italy,Western Europe
Queen's University Belfast,United Kingdom,Western Europe
University of Marburg,Germany,Western Europe
University of Pavia,Italy,Western Europe
St George's University of London,United Kingdom,Western Europe
University of Oregon,united states,Caribbean
University of Navarra,Spain,Western Europe
San Diego State University,united states,Caribbean
Nankai University,China,Eastern Asia
University of East Anglia,United Kingdom,Western Europe
University of Nebraska Medical Center,united states,Caribbean
University of Southern Denmark,Denmark,Western Europe
Eindhoven University of Technology,Netherlands,Caribbean
Xiamen University,China,Eastern Asia
University of Otago,New Zealand,Oceania
University of Santiago de Compostela,Spain,Western Europe
University of Exeter,United Kingdom,Western Europe
University of Jena,Germany,Western Europe
University of Perugia,Italy,Western Europe
Justus Liebig University Giessen,Germany,Western Europe
College of William and Mary,united states,Caribbean
Ben Gurion University of the Negev,Israel,Western Asia
Saint Louis University,united states,Caribbean
Colorado School of Mines,united states,Caribbean
Oklahoma State University–Stillwater,united states,Caribbean
University of Guelph,Canada,Caribbean
University of Trieste,Italy,Western Europe
University of Verona,Italy,Western Europe
University at Albany, SUNY,united states,Caribbean
Tongji University,China,Eastern Asia
Eötvös Loránd University,Hungary,Eastern Europe
University of Alabama   Tuscaloosa,united states,Caribbean
University of Eastern Finland,Finland,Western Europe
Ewha Womans University,South Korea,Eastern Asia
City University of Hong Kong,Hong Kong,Eastern Asia
Tokyo Medical and Dental University,Japan,Eastern Asia
University of Victoria,Canada,Caribbean
University of Buenos Aires,Argentina,South America
University of Texas Medical Branch at Galveston,united states,Caribbean
Kyung Hee University,South Korea,Eastern Asia
Hong Kong Polytechnic University,Hong Kong,Eastern Asia
Saarland University,Germany,Western Europe
Scuola Normale Superiore di Pisa,Italy,Western Europe
University of Seville,Spain,Western Europe
Beijing Normal University,China,Eastern Asia
Chiba University,Japan,Eastern Asia
University of Ferrara,Italy,Western Europe
University of Bari Aldo Moro,Italy,Western Europe
Polytechnic University of Milan,Italy,Western Europe
Temple University,united states,Caribbean
University of Turku,Finland,Western Europe
Aalto University,Finland,Western Europe
Simon Fraser University,Canada,Caribbean
Tianjin University,China,Eastern Asia
Chalmers University of Technology,Sweden,Western Europe
Middle East Technical University,Turkey,Western Asia
Cranfield University,United Kingdom,Western Europe
York University,Canada,Caribbean
Xi'an Jiaotong University,China,Eastern Asia
Chonnam National University,South Korea,Eastern Asia
University of Central Florida,united states,Caribbean
University of Lorraine,france,Western Europe
University of Bordeaux II,france,Western Europe
University of New Hampshire,united states,Caribbean
Versailles Saint Quentin en Yvelines University,france,Western Europe
Chonbuk National University,South Korea,Eastern Asia
Kumamoto University,Japan,Eastern Asia
Huazhong University of Science and Technology,China,Eastern Asia
Brunel University,United Kingdom,Western Europe
Polytechnic University of Catalonia,Spain,Western Europe
National Chiao Tung University,Taiwan,Eastern Asia
Southeast University,China,Eastern Asia
Tokyo University of Science,Japan,Eastern Asia
Catholic University of the Sacred Heart,Italy,Western Europe
Brigham Young University,united states,Caribbean
Technical University of Madrid,Spain,Western Europe
Nagasaki University,Japan,Eastern Asia
National Tsing Hua University,Taiwan,Eastern Asia
University of Warsaw,Poland,Eastern Europe
King Saud University,Saudi Arabia,Western Asia
University of Bath,United Kingdom,Western Europe
Concordia University,Canada,Caribbean
Georgia Regents University,united states,Caribbean
Niigata University,Japan,Eastern Asia
University of Oulu,Finland,Western Europe
Pompeu Fabra University,Spain,Western Europe
Vienna University of Technology,Austria,Western Europe
Sogang University,South Korea,Eastern Asia
Gyeongsang National University,South Korea,Eastern Asia
University of Tampere,Finland,Western Europe
University of Milan   Bicocca,Italy,Western Europe
University of Bordeaux I,france,Western Europe
Swedish University of Agricultural Sciences,Sweden,Western Europe
George Mason University,united states,Caribbean
Jilin University,China,Eastern Asia
University of Delhi,India,Southern Asia
University of Campinas,Brazil,South America
Wuhan University,China,Eastern Asia
West Virginia University,united states,Caribbean
Punited statesn National University,South Korea,Eastern Asia
University of Mississippi   Oxford Campus,united states,Caribbean
University of Arkansas for Medical Sciences,united states,Caribbean
Miami University,united states,Caribbean
University of Tokushima,Japan,Eastern Asia
University of Twente,Netherlands,Caribbean
Loyola University Chicago,united states,Caribbean
Ajou University,South Korea,Eastern Asia
Syracuse University,united states,Caribbean
Lancaster University,United Kingdom,Western Europe
Pontifical Catholic University of Chile,Chile,South America
University of Chile,Chile,South America
Innsbruck Medical University,Austria,Western Europe
University of Granada,Spain,Western Europe
Kanazawa University,Japan,Eastern Asia
University of Parma,Italy,Western Europe
University of Siena,Italy,Western Europe
Shandong University,China,Eastern Asia
Technical University of Dortmund,Germany,Western Europe
University of KwaZulu Natal,South Africa,Southern Africa
University of Nevada, Reno,united states,Caribbean
Yokohama City University,Japan,Eastern Asia
École normale supérieure de Lyon,france,Western Europe
University College Cork,Ireland,Western Europe
Ohio University,united states,Caribbean
Central South University,China,Eastern Asia
University of Modena and Reggio Emilia,Italy,Western Europe
New Mexico State University,united states,Caribbean
University of Konstanz,Germany,Western Europe
University of Hawaii at Manoa,united states,Caribbean
University of Nebraska Omaha,united states,Caribbean
Shinshu University,Japan,Eastern Asia
University of Strathclyde,United Kingdom,Western Europe
Baylor University,united states,Caribbean
Polytechnic University of Valencia,Spain,Western Europe
Harbin Institute of Technology,China,Eastern Asia
University of Rennes 1,france,Western Europe
University of Arkansas   Fayetteville,united states,Caribbean
Aristotle University of Thessaloniki,Greece,Eastern Europe
Jagiellonian University,Poland,Eastern Europe
Texas Tech University (TTU),united states,Caribbean
University of Rostock,Germany,Western Europe
University of Akron,united states,Caribbean
University of Saskatchewan,Canada,Caribbean
Juntendo University,Japan,Eastern Asia
University of Wyoming,united states,Caribbean
Macquarie University,Australia,Oceania
University of Canterbury,New Zealand,Oceania
University of Denver,united states,Caribbean
Illinois Institute of Technology,united states,Caribbean
Creighton University,united states,Caribbean
Bielefeld University,Germany,Western Europe
University of Malaya,Malaysia,South Eastern Asia
University of Ulsan,South Korea,Eastern Asia
City University London,United Kingdom,Western Europe
Grenoble Institute of Technology,france,Western Europe
Federal University of Minas Gerais,Brazil,South America
University of Hanover,Germany,Western Europe
South China University of Technology,China,Eastern Asia
University of Surrey,United Kingdom,Western Europe
Otto von Guericke University Magdeburg,Germany,Western Europe
Indian Institute of Science,India,Southern Asia
Tokyo Metropolitan University,Japan,Eastern Asia
Bar Ilan University,Israel,Western Asia
Mississippi State University,united states,Caribbean
University of Maryland, Baltimore County,united states,Caribbean
University of Wollongong,Australia,Oceania
Flinders University,Australia,Oceania
Martin Luther University of Halle Wittenberg,Germany,Western Europe
Graduate University for Advanced Studies,Japan,Eastern Asia
Clemson University,united states,Caribbean
University of Brescia,Italy,Western Europe
Georgia State University,united states,Caribbean
Dongguk University,South Korea,Eastern Asia
University of Fribourg,Switzerland,Western Europe
Sichuan University,China,Eastern Asia
University of Iceland,Iceland,Western Europe
University of Sherbrooke,Canada,Caribbean
University of Graz,Austria,Western Europe
University of Málaga,Spain,Western Europe
University of Zaragoza,Spain,Western Europe
New York Medical College,united states,Caribbean
SUNY Downstate Medical Center,united states,Caribbean
École Centrale Paris,france,Western Europe
Utah State University,united states,Caribbean
University of Ljubljana,Slovenia,Eastern Europe
University of Montpellier 1,france,Western Europe
Victoria University of Wellington,New Zealand,Oceania
East China University of Science and Technology,China,Eastern Asia
Konkuk University,South Korea,Eastern Asia
University of Potsdam,Germany,Western Europe
University of the Basque Country,Spain,Western Europe
University of Nice Sophia Antipolis,france,Western Europe
University of Udine,Italy,Western Europe
National Yang Ming University,Taiwan,Eastern Asia
Indian Institute of Technology Bombay,India,Southern Asia
University of Bayreuth,Germany,Western Europe
University of Wisconsin–Milwaukee,united states,Caribbean
University of Dayton,united states,Caribbean
Nihon University,Japan,Eastern Asia
Montana State University   Bozeman,united states,Caribbean
Royal Holloway, University of London,United Kingdom,Western Europe
Tokyo Women's Medical University,Japan,Eastern Asia
Panjab University,India,Southern Asia
Tampere University of Technology,Finland,Western Europe
University of Coimbra,Portugal,Western Europe
University of Newcastle,Australia,Oceania
Nara Institute of Science and Technology,Japan,Eastern Asia
Auburn University,united states,Caribbean
University of Bremen,Germany,Western Europe
Mahidol University,Thailand,South Eastern Asia
University of Crete,Greece,Eastern Europe
Bangor University,United Kingdom,Western Europe
University of Aveiro,Portugal,Western Europe
University of Palermo,Italy,Western Europe
Nagoya City University,Japan,Eastern Asia
University of Tartu,Estonia,Eastern Europe
University of Savoy,france,Western Europe
University of Tromsø   The Arctic University of Norway,Norway,Western Europe
University of Missouri–Kansas City,united states,Caribbean
Beihang University,China,Eastern Asia
American University of Beirut,Lebanon,Western Asia
University of Nantes,france,Western Europe
University of Essex,United Kingdom,Western Europe
University of Zagreb,Croatia,Eastern Europe
National Central University,Taiwan,Eastern Asia
University Lille 1: Sciences and Technologies,france,Western Europe
University of Catania,Italy,Western Europe
National Polytechnic Institute of Toulouse,france,Western Europe
Indian Institute of Technology Kanpur,India,Southern Asia
Kagoshima University,Japan,Eastern Asia
Lanzhou University,China,Eastern Asia
James Cook University,Australia,Oceania
Shizuoka University,Japan,Eastern Asia
Indian Institute of Technology Kharagpur,India,Southern Asia
Second University of Naples,Italy,Western Europe
Indian Institute of Technology Madras,India,Southern Asia
Plymouth University,United Kingdom,Western Europe
International School for Advanced Studies,Italy,Western Europe
Polytechnic University of Turin,Italy,Western Europe
University of Oviedo,Spain,Western Europe
Ehime University,Japan,Eastern Asia
University of Ioannina,Greece,Eastern Europe
University of Cagliari,Italy,Western Europe
Tottori University,Japan,Eastern Asia
Federal University of Rio Grande do Sul,Brazil,South America
Kent State University,united states,Caribbean
University of Los Andes (Colombia),Colombia,South America
Hunan University,China,Eastern Asia
Tokai University,Japan,Eastern Asia
LSU Health Sciences Center New Orleans,united states,Caribbean
Southern Illinois University Carbondale,united states,Caribbean
Tata Institute of Fundamental Research,India,Southern Asia
Aalborg University,Denmark,Western Europe
Osaka Prefecture University,Japan,Eastern Asia
Chang Gung University,Taiwan,Eastern Asia
Northern Illinois University,united states,Caribbean
University of Trento,Italy,Western Europe
Semmelweis University,Hungary,Eastern Europe
University of Science and Technology Beijing,China,Eastern Asia
National University of Ireland Galway,Ireland,Western Europe
Dankook University,South Korea,Eastern Asia
Istanbul University,Turkey,Western Asia
Tokyo University of Agriculture and Technology,Japan,Eastern Asia
University of Montana   Missoula,united states,Caribbean
Queensland University of Technology,Australia,Oceania
Binghamton University,united states,Caribbean
Université de Namur,Belgium,Western Europe
University of Tasmania,Australia,Oceania
University of Pretoria,South Africa,Southern Africa
Central China Normal University,China,Eastern Asia
Indian Institute of Technology Roorkee,India,Southern Asia
Curtin University,Australia,Oceania
Deakin University,Australia,Oceania
Tilburg University,Netherlands,Caribbean
Inha University,South Korea,Eastern Asia
University of New Orleans,united states,Caribbean
Paris Est Créteil Val de Marne University,france,Western Europe
University of L'Aquila,Italy,Western Europe
Chungnam National University,South Korea,Eastern Asia
University of Salamanca,Spain,Western Europe
University of Alaska Fairbanks,united states,Caribbean
University of Poitiers,france,Western Europe
Albany Medical College,united states,Caribbean
Birkbeck, University of London,United Kingdom,Western Europe
Griffith University,Australia,Oceania
Federal University of São Paulo,Brazil,South America
Carleton University,Canada,Caribbean
Massey University,New Zealand,Oceania
Catholic University of Korea,South Korea,Eastern Asia
Open University (UK),United Kingdom,Western Europe
University of Patras,Greece,Eastern Europe
Universidade Nova de Lisboa,Portugal,Western Europe
Texas A&amp;M Health Science Center,united states,Caribbean
Braunschweig University of Technology,Germany,Western Europe
National Chung Hsing University,Taiwan,Eastern Asia
La Trobe University,Australia,Oceania
Missouri University of Science and Technology,united states,Caribbean
University of Idaho,united states,Caribbean
Louisiana Tech University,united states,Caribbean
University of Portsmouth,United Kingdom,Western Europe
University of La Laguna,Spain,Western Europe
Florida International University,united states,Caribbean
Medical University of Graz,Austria,Western Europe
Howard University,united states,Caribbean
University of Hertfordshire,United Kingdom,Western Europe
State University of New York Upstate Medical University,united states,Caribbean
Royal College of Surgeons in Ireland,Ireland,Western Europe
National Technical University of Athens,Greece,Eastern Europe
University of Windsor,Canada,Caribbean
Rovira i Virgili University,Spain,Western Europe
University of Burgundy,france,Western Europe
Gunma University,Japan,Eastern Asia
AGH University of Science and Technology,Poland,Eastern Europe
Gifu University,Japan,Eastern Asia
Hacettepe University,Turkey,Western Asia
Örebro University,Sweden,Western Europe
Memorial University of Newfoundland,Canada,Caribbean
Kindai University,Japan,Eastern Asia
University of Rhode Island,united states,Caribbean
University of Alicante,Spain,Western Europe
New Jersey Institute of Technology,united states,Caribbean
Lille 2 University of Health and Law,france,Western Europe
Keele University,United Kingdom,Western Europe
University of Jyväskylä,Finland,Western Europe
Rochester Institute of Technology,united states,Caribbean
Sapporo Medical University,Japan,Eastern Asia
Banaras Hindu University,India,Southern Asia
King Abdullah University of Science and Technology,Saudi Arabia,Western Asia
Northeast Normal University,China,Eastern Asia
Portland State University,united states,Caribbean
University of Québec at Montreal,Canada,Caribbean
East China Normal University,China,Eastern Asia
University of Debrecen,Hungary,Eastern Europe
Loma Linda University,united states,Caribbean
Old Dominion University,united states,Caribbean
University of Insubria,Italy,Western Europe
University of Nevada, Las Vegas,united states,Caribbean
Hong Kong Baptist University,Hong Kong,Eastern Asia
University of Minho,Portugal,Western Europe
University of Messina,Italy,Western Europe
University of Texas at Arlington,united states,Caribbean
University François Rabelais, Tours,france,Western Europe
UNESP, São Paulo State University,Brazil,South America
Toho University,Japan,Eastern Asia
Beijing University of Chemical Technology,China,Eastern Asia
Rutgers, The State University of New Jersey   Newark,united states,Caribbean
Johannes Kepler University of Linz,Austria,Western Europe
Warsaw University of Technology,Poland,Eastern Europe
University of Paris 13,france,Western Europe
University of Toyama,Japan,Eastern Asia
University of Toledo,united states,Caribbean
University of Vigo,Spain,Western Europe
University of Kent,United Kingdom,Western Europe
Jichi Medical University,Japan,Eastern Asia
Roma Tre University,Italy,Western Europe
Chung Yuan Christian University,Taiwan,Eastern Asia
University of Haifa,Israel,Western Asia
Åbo Akademi University,Finland,Western Europe
Swansea University,United Kingdom,Western Europe
China Agricultural University,China,Eastern Asia
Marche Polytechnic University,Italy,Western Europe
University of Maine, Orono,united states,Caribbean
Heriot Watt University,United Kingdom,Western Europe
Marquette University,united states,Caribbean
Loughborough University,United Kingdom,Western Europe
Kaiserslautern University of Technology,Germany,Western Europe
Aston University,United Kingdom,Western Europe
University of Girona,Spain,Western Europe
Hasselt University,Belgium,Western Europe
Nanjing University of Science and Technology,China,Eastern Asia
University of Natural Resources and Life Sciences, Vienna,Austria,Western Europe
University of Szeged,Hungary,Eastern Europe
Soochow University (Suzhou),China,Eastern Asia
University of the Balearic Islands,Spain,Western Europe
Fuzhou University,China,Eastern Asia
University of Memphis,united states,Caribbean
San Francisco State University,united states,Caribbean
East Carolina University,united states,Caribbean
University of Augsburg,Germany,Western Europe
University of Missouri–St. Louis,united states,Caribbean
Kyoto Prefectural University of Medicine,Japan,Eastern Asia
Shanghai University,China,Eastern Asia
University of South Australia,Australia,Oceania
Liverpool John Moores University,United Kingdom,Western Europe
Graz University of Technology,Austria,Western Europe
Kitasato University,Japan,Eastern Asia
University of North Carolina at Charlotte,united states,Caribbean
G. d'Annunzio University, Chieti Pescara,Italy,Western Europe
University of Cantabria,Spain,Western Europe
Miguel Hernández University of Elche,Spain,Western Europe
Donghua University,China,Eastern Asia
Comenius University in Bratislava,Slovak Republic,Eastern Europe
University of Alabama in Huntsville,united states,Caribbean
Mie University,Japan,Eastern Asia
University of Stirling,United Kingdom,Western Europe
Hunter College,united states,Caribbean
Swinburne University of Technology,Australia,Oceania
University of Ulster,United Kingdom,Western Europe
University of Évry Val d'Essonne,france,Western Europe
University of Salerno,Italy,Western Europe
National University of La Plata,Argentina,South America
Masaryk University,Czech Republic,Eastern Europe
Yamaguchi University,Japan,Eastern Asia
University of Yamanashi,Japan,Eastern Asia
Showa University,Japan,Eastern Asia
North Dakota State University   Main Campus,united states,Caribbean
University of North Texas, Denton,united states,Caribbean
University of Mississippi Medical Center,united states,Caribbean
University of Tehran,Iran,Southern Asia
Paul Valéry University, Montpellier III,france,Western Europe
Wuhan University of Technology,China,Eastern Asia
University of Hyogo,Japan,Eastern Asia
The Catholic University of America,united states,Caribbean
University of Neuchâtel,Switzerland,Western Europe
National Polytechnic Institute,Mexico,Central America
Jikei University School of Medicine,Japan,Eastern Asia
University of Valladolid,Spain,Western Europe
University of Calabria,Italy,Western Europe
University of Lübeck,Germany,Western Europe
Kurume University,Japan,Eastern Asia
Peking Union Medical College,China,Eastern Asia
Yamagata University,Japan,Eastern Asia
University of Córdoba (Spain),Spain,Western Europe
University of Mons,Belgium,Western Europe
Saga University,Japan,Eastern Asia
Clarkson University,united states,Caribbean
University of South Alabama,united states,Caribbean
Inje University,South Korea,Eastern Asia
University of Caen Lower Normandy,france,Western Europe
University of Castilla–La Mancha,Spain,Western Europe
Czech Technical University in Prague,Czech Republic,Eastern Europe
Saitama Medical University,Japan,Eastern Asia
Istanbul Technical University,Turkey,Western Asia
Kaohsiung Medical University,Taiwan,Eastern Asia
University of Electro Communications,Japan,Eastern Asia
Yeungnam University,South Korea,Eastern Asia
Jawaharlal Nehru Centre for Advanced Scientific Research,India,Southern Asia
Putra University, Malaysia,Malaysia,South Eastern Asia
Institut national des sciences Appliquées de Lyon,france,Western Europe
University of Perpignan Via Domitia,france,Western Europe
University of Miyazaki,Japan,Eastern Asia
Second Military Medical University,China,Eastern Asia
Northern Arizona University,united states,Caribbean
École Polytechnique de Montréal,Canada,Caribbean
University of Salento,Italy,Western Europe
Fukuoka University,Japan,Eastern Asia
Nagoya Institute of Technology,Japan,Eastern Asia
Ankara University,Turkey,Western Asia
Blaise Pascal University,france,Western Europe
University of Electronic Science and Technology of China,China,Eastern Asia
National Sun Yat sen University,Taiwan,Eastern Asia
University of Rouen,france,Western Europe
Bowling Green State University,united states,Caribbean
Norwegian University of Life Sciences,Norway,Western Europe
University of Picardie Jules Verne,france,Western Europe
Michigan Technological University,united states,Caribbean
University of Concepción,Chile,South America
China Medical University (Taiwan),Taiwan,Eastern Asia
University of Hohenheim,Germany,Western Europe
Aberystwyth University,United Kingdom,Western Europe
Wilfrid Laurier University,Canada,Caribbean
Cairo University,Egypt,Northern Africa
University of Murcia,Spain,Western Europe
Palacký University, Olomouc,Czech Republic,Eastern Europe
Taipei Medical University,Taiwan,Eastern Asia
University of Bradford,United Kingdom,Western Europe
King Fahd University of Petroleum and Minerals,Saudi Arabia,Western Asia
Ege University,Turkey,Western Asia
University of Belgrade,Serbia,Eastern Europe
University of Eastern Piedmont Amedeo Avogadro,Italy,Western Europe
Budapest University of Technology and Economics,Hungary,Eastern Europe
University of Salzburg,Austria,Western Europe
University of Massachusetts Lowell,united states,Caribbean
Jaume I University,Spain,Western Europe
Chongqing University,China,Eastern Asia
Beijing Institute of Technology,China,Eastern Asia
Manchester Metropolitan University,United Kingdom,Western Europe
Zhengzhou University,China,Eastern Asia
Dublin City University,Ireland,Western Europe
National University of Ireland, Maynooth,Ireland,Western Europe
Kangwon National University,South Korea,Eastern Asia
Royal Veterinary College, University of London,United Kingdom,Western Europe
Wright State University   Dayton,united states,Caribbean
Capital Medical University,China,Eastern Asia
University of Brighton,United Kingdom,Western Europe
Sofia University,Bulgaria,Eastern Europe
University of Regina,Canada,Caribbean
Magna Græcia University of Catanzaro,Italy,Western Europe
Chungbuk National University,South Korea,Eastern Asia
Kōchi University,Japan,Eastern Asia
University of New Brunswick,Canada,Caribbean
Sejong University,South Korea,Eastern Asia
Sharif University of Technology,Iran,Southern Asia
Chung Ang University,South Korea,Eastern Asia
Queens College, City University of New York,united states,Caribbean
Murdoch University,Australia,Oceania
Chosun University,South Korea,Eastern Asia
Vilnius University,Lithuania,Eastern Europe
University of Maribor,Slovenia,Eastern Europe
Ritsumeikan University,Japan,Eastern Asia
University of Sassari,Italy,Western Europe
Nanjing Normal University,China,Eastern Asia
University of Franche Comté,france,Western Europe
University of Texas at El Paso,united states,Caribbean
Rio de Janeiro State University,Brazil,South America
Jinan University,China,Eastern Asia
University of Massachusetts Boston,united states,Caribbean
University of Alcalá,Spain,Western Europe
Tehran University of Medical Sciences,Iran,Southern Asia
University of the Ryukyus,Japan,Eastern Asia
University of Angers,france,Western Europe
Fluminense Federal University,Brazil,South America
Florida Institute of Technology,united states,Caribbean
Trent University,Canada,Caribbean
National Chung Cheng University,Taiwan,Eastern Asia
Bilkent University,Turkey,Western Asia
National Taiwan Normal University,Taiwan,Eastern Asia
Saitama University,Japan,Eastern Asia
RMIT University,Australia,Oceania
Hamamatsu University School of Medicine,Japan,Eastern Asia
University of Greifswald,Germany,Western Europe
University of Pécs,Hungary,Eastern Europe
University of Fukui,Japan,Eastern Asia
Oakland University,united states,Caribbean
Nanjing University of Technology,China,Eastern Asia
University of Technology, Sydney,Australia,Oceania
University of North Carolina at Greensboro,united states,Caribbean
All India Institute of Medical Sciences New Delhi,India,Southern Asia
Kyoto Institute of Technology,Japan,Eastern Asia
Ocean University of China,China,Eastern Asia
Chiang Mai University,Thailand,South Eastern Asia
University of Camerino,Italy,Western Europe
Hirosaki University,Japan,Eastern Asia
University of North Dakota,united states,Caribbean
University of Extremadura,Spain,Western Europe
Teikyo University,Japan,Eastern Asia
Jiangnan University,China,Eastern Asia
Adam Mickiewicz University in Poznań,Poland,Eastern Europe
University of Waikato,New Zealand,Oceania
University of Veterinary Medicine Vienna,Austria,Western Europe
University of Cádiz,Spain,Western Europe
Florida Atlantic University,united states,Caribbean
Huazhong Agricultural University,China,Eastern Asia
Brock University,Canada,Caribbean
University of Lleida,Spain,Western Europe
Shanghai Normal University,China,Eastern Asia
Jean Monnet University,france,Western Europe
Shimane University,Japan,Eastern Asia
University of Orléans,france,Western Europe
University of Siegen,Germany,Western Europe
Makerere University,Uganda,Eastern Africa
University of Wales, Trinity Saint David,United Kingdom,Western Europe
National Taiwan University of Science and Technology,Taiwan,Eastern Asia
University of Brasília,Brazil,South America
University of Western Brittany,france,Western Europe
Nanjing Agricultural University,China,Eastern Asia
National University of Córdoba,Argentina,South America
Federal University of Santa Catarina,Brazil,South America
National Taiwan Ocean University,Taiwan,Eastern Asia
Gazi University,Turkey,Western Asia
National University of Colombia,Colombia,South America
University of Jaén,Spain,Western Europe
Boğaziçi University,Turkey,Western Asia
Jadavpur University,India,Southern Asia
Pukyong National University,South Korea,Eastern Asia
University of Western Sydney,Australia,Oceania
Northeastern University (China),China,Eastern Asia
University of Mannheim,Germany,Western Europe
University of Osnabrück,Germany,Western Europe
Charles Darwin University,Australia,Oceania
University of Hyderabad,India,Southern Asia
Northwest University (China),China,Eastern Asia
University of Southern Mississippi,united states,Caribbean
University of Wrocław,Poland,Eastern Europe
Carlos III University of Madrid,Spain,Western Europe
Novosibirsk State University,Russia,Eastern Europe
Nanjing Medical University,China,Eastern Asia
Nicolaus Copernicus University in Toruń,Poland,Eastern Europe
Federal University of Santa Maria,Brazil,South America
Chemnitz University of Technology,Germany,Western Europe
Southwest University,China,Eastern Asia
Wrocław University of Technology,Poland,Eastern Europe
University of California Merced,united states,Caribbean
United Arab Emirates University,United Arab Emirates,Western Asia
Federal University of São Carlos,Brazil,South America
University of Thessaly,Greece,Eastern Europe
University of Basilicata,Italy,Western Europe
Feng Chia University,Taiwan,Eastern Asia
Federal University of Paraná,Brazil,South America
University of Almería,Spain,Western Europe
Hallym University,South Korea,Eastern Asia
Fourth Military Medical University,China,Eastern Asia
University of the Republic (Uruguay),Uruguay,South America
Dokuz Eylül University,Turkey,Western Asia
Nanjing University of Aeronautics and Astronautics,China,Eastern Asia
Public University of Navarre,Spain,Western Europe
University of A Coruña,Spain,Western Europe
Isfahan University of Technology,Iran,Southern Asia
University of New England (Australia),Australia,Oceania
Federal University of Pernambuco,Brazil,South America
Jiangsu University,China,Eastern Asia
Third Military Medical University,China,Eastern Asia
South China Normal University,China,Eastern Asia
University of Limerick,Ireland,Western Europe
Xiangtan University,China,Eastern Asia
Yangzhou University,China,Eastern Asia
Northwestern Polytechnical University,China,Eastern Asia
University of Reims Champagne Ardenne,france,Western Europe
Ibaraki University,Japan,Eastern Asia
Chung Shan Medical University,Taiwan,Eastern Asia
Alexandria University,Egypt,Northern Africa
Yuan Ze University,Taiwan,Eastern Asia
University of Cyprus,Cyprus,Western Asia
University of Silesia,Poland,Eastern Europe
Southern Medical University,China,Eastern Asia
Shiraz University,Iran,Southern Asia
University of Bucharest,Romania,Eastern Europe
Mansoura University,Egypt,Northern Africa
Amirkabir University of Technology,Iran,Southern Asia
Beijing Jiaotong University,China,Eastern Asia
University of Valenciennes and Hainaut Cambresis,france,Western Europe
University of the Algarve,Portugal,Western Europe
University of Chemistry and Technology, Prague,Czech Republic,Eastern Europe
Federal University of Ceará,Brazil,South America
Ain Shams University,Egypt,Northern Africa
University of Oldenburg,Germany,Western Europe
Federal University of Bahia,Brazil,South America
Hunan Normal University,China,Eastern Asia
Western Michigan University,united states,Caribbean
University of Seoul,South Korea,Eastern Asia
Federico Santa María Technical University,Chile,South America
Ryerson University,Canada,Caribbean
South China Agricultural University,China,Eastern Asia
Fu Jen Catholic University,Taiwan,Eastern Asia
China Pharmaceutical University,China,Eastern Asia
Tarbiat Modares University,Iran,Southern Asia
University of Puerto Rico at Mayagüez,Puerto Rico,Caribbean
National University of Rosario,Argentina,South America
University of Pau and Pays de l'Adour,france,Western Europe
Xidian University,China,Eastern Asia
Zhejiang University of Technology,China,Eastern Asia
China Medical University (PRC),China,Eastern Asia
Federal University of ABC,Brazil,South America
King Juan Carlos University,Spain,Western Europe
Beijing University of Technology,China,Eastern Asia
Guangxi University,China,Eastern Asia
Northwest A & F University,China,Eastern Asia
Shanxi University,China,Eastern Asia
Tamkang University,Taiwan,Eastern Asia
Harbin Medical University,China,Eastern Asia
Zhejiang Normal University,China,Eastern Asia
King Abdulaziz University,Saudi Arabia,Western Asia
Iran University of Science and Technology,Iran,Southern Asia
I Shou University,Taiwan,Eastern Asia
University of Maine (Le Mans),france,Western Europe
National Dong Hwa University,Taiwan,Eastern Asia
National Taipei University of Technology,Taiwan,Eastern Asia
Shaanxi Normal University,China,Eastern Asia
National University of Defense Technology,China,Eastern Asia
Yanbian University,China,Eastern Asia
